videoId,updateAt,authorId,cmt,label
0Mr3CqCDq3o,2023-03-17 23:40:31,UCxXqheHeXEvfyUC6qQZ1EAA,H√≥ng qu√° Anh Nal ∆°i,0
0yHtYPeK2Jg,2023-03-17 00:39:18,UC_fkNQFGzDm56vIAqfSWmng,Qu√° hay,0
0yHtYPeK2Jg,2023-03-17 01:15:16,UCfzp_H8F9A-r1QkpLcs02dA,Con minzy l√† con n√†o,0
0yHtYPeK2Jg,2023-03-17 01:38:39,UCPR_sroMDRUrt_6TA_qyazw,b√†i n√†y demo qu√° gh√™ g·ªõm..  ƒë·ªânh cao ƒë·∫•y,0
0yHtYPeK2Jg,2023-03-17 01:39:11,UCT2vv_zeOTm2Fu2U1KZ93Dg,ui iu th·ªã m·∫ßu qu√° c∆°,0
0yHtYPeK2Jg,2023-03-17 01:46:32,UCoYRtzuqEbdJkTcRmDo6c_w,Hay th·∫≠t ch·ª©,0
0yHtYPeK2Jg,2023-03-17 02:01:08,UC0M3vHLV2gITZTSXDJNw07Q,G√∫t ch·ªõp,0
0yHtYPeK2Jg,2023-03-17 02:05:01,UCbfoDwa7VbSnPRs63HjgkIg,Ko phaÃâi toÃÅp 1 h·∫£ mn,0
0yHtYPeK2Jg,2023-03-17 02:07:05,UClD9E_YHV1hCu0Yal-puyXg,‚ù§‚ù§‚ù§‚ù§,0
0yHtYPeK2Jg,2023-03-17 02:07:42,UClD9E_YHV1hCu0Yal-puyXg,Xu·∫•t s·∫Øc qu√°‚ù§‚ù§‚ù§,0
0yHtYPeK2Jg,2023-03-17 02:47:12,UC3UvI-ZZ8uqDE-O4dt93d9A,Th·ªÉ lo·∫°i nh·∫°c d√¢n gian ·ªü VN √≠t ng∆∞·ªùi h√°t v√† H√≤a Minzy ƒë√£ h√≥a th√¢n r·∫•t th√†nh c√¥ng v√†o th·ªÉ lo·∫°i nh·∫°c n√†y. B√†i h√°t n√†y s·∫Ω l√† trend m·ªõi c·ªßa VN l·∫´n qu·ªëc t·∫ø,0
0yHtYPeK2Jg,2023-03-17 02:49:45,UCJUs-2mCYdft_uEfngEwkOw,"M√¨nh r·∫•t th√≠ch MV n√†y c·ªßa ch·ªã H√≤a, m√£n nh√£n c·∫£ v·ªÅ ph·∫ßn h√¨nh ·∫£nh, trang ph·ª•c, b·ªëi c·∫£nh, v≈© ƒëi·ªáu ƒë·∫øn √¢m thanh & h√°t tr√≤n v√†nh r√µ ch·ªØ, r√µ √¢m...c√≤n v·ªÅ m√†n di·ªÖn xu·∫•t c·ªßa ch·ªã th√¨ kh·ªèi ph·∫£i ch√™ ·∫° <3 Ch√∫c m·ª´ng ch·ªã H√≤a v√† ekip ƒë√£ c√≥ ƒëc s·∫£n ph·∫©m tuy·ªát v·ªùi nh∆∞ v·∫≠y <3 M√£i iuuu",0
0yHtYPeK2Jg,2023-03-17 02:57:09,UCQvyiLCRspBH2WDJvw3liKw,mv ƒë·ªânh qu√°,0
0yHtYPeK2Jg,2023-03-17 03:34:57,UCsYyAxfuTbUtxMQxsWEtHNA,Ch√∫c m·ª´ng  H√≤a  R·∫•t hay v√†  c·∫£m x√∫c,0
0yHtYPeK2Jg,2023-03-17 03:38:43,UC7fV3xjcODk_z4i97jRRInA,"Nghe xong 1 l·∫ßn th·ªã m·∫ßu, c·∫£m h·ª©ng b·∫•t ch·ª£t, nh·ªõ t·ªõi gi√°o d·ª•c gi·ªõi t√≠nh h·ªçc ƒë∆∞·ªùng. Mong h√≤a ph·ªï nh·∫°c b√†i n√†y h·ªô t√¥i. Ph·ªï nh·∫°c hay t·∫∑ng lu√¥n b·∫°n l·ªùi b√†i n√†y   t·ª±a ƒë·ªÅ th·ªã m·∫ßu 2    T√¨nh tang tang t√≠nh t·ªânh t√¨nh tang  Em l√† th·ªã m·∫ßu, con g√°i ph√∫ √¥ng  Em m·ªõi c√≥ 13, ƒë√£ bi·∫øt c√°i g√¨ ƒë√¢u  Cha ch∆∞a d·∫°y, m·∫π ch∆∞a gi·∫£ng  n·ª° ƒÉn tr√°i c·∫•m, nay bi·∫øt g√¨ ƒë√¢u  c·∫ßu m·∫π th∆∞a cha, con bi·∫øt g√¨ ƒë√¢u  th·∫•y sao l√†m v·∫≠y, n·ª° ƒÉn tr√°i c·∫•m  c·∫£ l√†ng b·∫Øt v·∫°, t·ªôi c√°i th√¢n con  mang ti·∫øng l·∫≥ng l∆°, m·ªôt th√¢n nh∆° nhu·ªëc  AAAAAAAaaaaaaaaaaaa...  t·ªôi c√°i th√¢n con, con bi·∫øt g√¨ ƒë√¢u  n·ª° ƒÉn tr√°i c·∫•m. th√¢n n·ª° ho√†i thai  AAAAaaaaaaaaaa....  Em m·ªõi c√≥ 13, ƒë√£ bi·∫øt c√°i g√¨ ƒë√¢u  th·∫•y sao l√†m v·∫≠y, l√†m v·∫≠y sai ƒë√¢u?  c·∫£ l√†ng b·∫Øt v·∫°, t·ªôi c√°i th√¢n con  mang ti·∫øng l·∫≥ng l∆°, m·ªôt th√¢n nh∆° nhu·ªëc  th·∫ßy ∆°i c·ª©u con, U ∆°i gi√∫p con.  Aaaaa t√¨nh v·ªõi tang , tang m·ªõi c·∫£ t√¨nh  AAAAA!!!!!!!",0
0yHtYPeK2Jg,2023-03-17 03:47:29,UCqdDbz6F8A81T-IwlFMfzaw,"r·∫•t hay lu√¥n ·∫•y, m√¨nh nghe l·∫°i nh·ªõ ng√†y b√© m·∫π hay nghe c√¥ Thu Hi·ªÅn di·ªÖn",0
0yHtYPeK2Jg,2023-03-17 03:52:27,UC_pks9xz4-8T7Jp3OCS1nJQ,"M·ªü ƒë·∫ßu MV l√† c·∫£nh Ho√† ƒëang h·ªçc ƒë·ªÉ di·ªÖn v·ªü Ch√®o truy·ªÅn th·ªëng ƒë∆∞·ª£c d·∫´n d·∫Øt b·ªüi NS Thu Huy·ªÅn - l√† ngh·ªá s·ªπ th√†nh c√¥ng nh·∫•t khi v√†o vai Th·ªã M√†u v·ªõi ƒë√¥i m·∫Øt l√∫ng li·∫øng kh√¥ng l·∫´n v·ªõi b·∫•t k·ª≥ ai. ·ªû Thu Huy·ªÅn khi v√†o v·ªü ch√®o c·ªï l√† ng∆∞·ªùi con g√°i d√°m th·ªÉ hi·ªán t√¨nh y√™u, s·ª± si m√™ b·∫•t ch·∫•p. Nh∆∞ng v·ªõi Ho√† ·ªü MV n√†y, ngo√†i ƒë√¥i m·∫Øt bi·∫øt n√≥i c√≤n c√≥ th√™m s·ª± tinh ngh·ªãch, tr·∫ª trung, t∆∞∆°i m·ªõi khi ·ªü ƒë·ªô tu·ªïi trƒÉng r·∫±m. ƒêi ng∆∞·ª£c l·∫°i v·ªõi l·ªÖ gi√°o khi ·∫•y: con g√°i ph·∫£i ƒëoan ch√≠nh, d·ªãu d√†ng, l·ªÖ nghƒ©a, cha m·∫π ƒë·∫∑t ƒë√¢u ng·ªìi ƒë·∫•y. Ng∆∞·ªùi ta r·∫±m 14 15 m·ªõi l√™n ch√πa, nh∆∞ng Th·ªã M√†u l√™n ch√πa t·ª´ 13. ·ªû 3:07 kho·∫£nh kh·∫Øc hi·ªán th·ª±c b·ª•ng Ho√† to l√™n v·ªõi khung c·∫£nh ch·ª£ ƒê·ªìng Xu√¢n, khu√¥n m·∫∑t hi·ªán l√™n s·ª± th·∫£ng th·ªët B·ªõ l√†ng n∆∞·ªõc ∆°i. Nh∆∞ng chuy·ªÉn c·∫£nh v·ªÅ th·ªùi x∆∞a, Th·ªã M√†u b·ª•ng to, ch·ªãu s·ª± sƒÉm soi c·ªßa m·ªçi ng∆∞·ªùi nh∆∞ng l√† m·ªôt Th·ªã M√†u v·ªõi khu√¥n m·∫∑t ng·∫©ng cao ƒë·∫ßu c√πng √°nh m·∫Øt ki√™n c∆∞·ªùng kh√¥ng s·ª£ h√£i, d√°m ƒë·ªëi di·ªán s·ª± th·∫≠t. 3:30 c≈©ng l√† c√¢u b·ªõ l√†ng n∆∞·ªõc ∆°i nh∆∞ng khu√¥n m·∫∑t t∆∞∆°i c∆∞·ªùi h·∫°nh ph√∫c v√¨ c√¥ bi·∫øt c√¥ s·∫Ω l·∫•y ƒë∆∞·ª£c Th·ªã K√≠nh khi c·ªë t√¨nh h√¥ ho√°n cho m·ªçi ng∆∞·ªùi bi·∫øt ƒë·ªÉ c√≤n b·∫Øt v·∫° c√πng ti·∫øng c∆∞·ªùi v·ª´a chua ch√°t v·ª´a b·∫•t c·∫ßn ·ªü 03:34.    V·ªõi vi·ªác k·∫øt h·ª£p gi·ªØa ch√®o d√¢n gian v·ªõi y·∫øu t·ªë hi·ªán ƒë·∫°i ƒë·∫£m b·∫£o ph√π h·ª£p v·ªõi th·ªã hi·∫øu c·ªßa gi·ªõi tr·∫ª hi·ªán nay, Ho√† r·∫•t nghi√™m t√∫c khi m·ªùi ngh·ªá s·ªπ th√†nh c√¥ng nh·∫•t ƒë·ªÉ h∆∞·ªõng d·∫´n c√°i ch·∫•t c·ªï c·ªßa t√°c ph·∫©m, c√°i g·∫≠t ƒë·∫ßu c∆∞·ªùi c·ªßa c√¥ gi√°o cu·ªëi MV ch·ªâ tho√°ng qua nh∆∞ng t√¥i nghƒ© ƒë√¢y c≈©ng l√† c√°i g·∫≠t ƒë·∫ßu c√¥ng nh·∫≠n c·ªßa kh√°n gi·∫£ sau khi xem xong. T√°c ph·∫©m ƒë∆∞a ng∆∞·ªùi xem g·∫ßn h∆°n ƒë·∫øn nh·ªØng ngh·ªá thu·∫≠t ki·∫øn tr√∫c c·ªï x∆∞a nh∆∞ chi·∫øu c√≥i, m√°i ƒê√¨nh v·ªõi h√¨nh m·∫∑t nguy·ªát. S·ª± trƒÉn tr·ªü v√†o vai c·ªßa Ho√† khi·∫øn cho c√¥ nh∆∞ ho√° th√¢n v√†o m·ªôt nh√¢n v·∫≠t kh√¥ng c√≥ th·∫≠t m√† ch·ªâ c√≥ c√°i b√≥ng - s·ª± t√≠ch. D∆∞·ªùng nh∆∞ v≈© tr·ª• c≈©ng gi√∫p c√¥ khi ƒë√∫ng th·ªùi ƒëi·ªÉm, Th·ªã M√†u sau 6 nƒÉm ƒë∆∞·ª£c hi·ªán th·ª±c ho√° l√†m cho Ho√† tr·ªü v·ªÅ ƒë√∫ng v·ªõi phong c√°ch c·ªßa m√¨nh v·ªõi ch·∫•t gi·ªçng quan h·ªç Kinh B·∫Øc, t∆∞∆°i m·ªõi, nh√≠ nh·∫£nh sau ƒë·ªß thƒÉng tr·∫ßm cu·ªôc ƒë·ªùi.   Ngh·ªá thu·∫≠t c·ªï ƒëang d·∫ßn mai m·ªôt, nh∆∞ng t√¥i tin v·ªõi t√†i nƒÉng c·ªßa th·∫ø h·ªá tr·∫ª l√†m ngh·ªá thu·∫≠t m·ªôt c√°ch nghi√™m t√∫c nh∆∞ Ho√†, nh∆∞ HTL s·∫Ω ƒë∆∞a vƒÉn h·ªçc c·ªï, ngh·ªá thu·∫≠t c·ªï ƒë·∫øn g·∫ßn h∆°n v·ªõi gi·ªõi tr·∫ª, qu·∫£ng b√° n√©t vƒÉn ho√° r·∫•t ri√™ng c≈©ng nh∆∞ l·ªìng gh√©p gi·ªõi thi·ªáu ƒë·ªãa ƒëi·ªÉm du l·ªãch c·ªßa VN ƒë·∫øn v·ªõi b·∫°n b√® Qu·ªëc t·∫ø.",0
0yHtYPeK2Jg,2023-03-17 03:58:16,UCzB9A3eI5M601nk9R5JP72Q,MV s√°ng t·∫°o amazing ‚ù§,0
0yHtYPeK2Jg,2023-03-17 04:01:06,UCLyQL85p3fWxKRAvQ0G4ESQ,Hay,0
0yHtYPeK2Jg,2023-03-17 04:10:59,UCtDqRNihqcyb42KczJlm-BQ,"ƒêi·ªÉm 10 H√≤a nh√©, em tuy·ªát l·∫Øm, ch·ªã lu√¥n m√™ em",0
0yHtYPeK2Jg,2023-03-17 04:24:55,UCE_EZ1PyGmH2LjHTn0LMhsQ,"v√† nh·∫°c ƒë·ªÅu xu·∫•t s·∫Øc, n√©t di·ªÖn c·ªßa H√≤a Minzy r·∫•t ·ªïn v√† t·ª± nhi√™n. T·ª± h√†o l√† s·∫£n ph·∫©m th·ªÉ hi·ªán ƒë∆∞·ª£c vƒÉn h√≥a d√¢n gian Vi·ªát Nam <3",0
0yHtYPeK2Jg,2023-03-17 04:25:29,UC_p3Loqi2xIGvnFhAfi_6lg,Thi M·∫ßu Xinh Qu√°,0
0yHtYPeK2Jg,2023-03-17 04:26:44,UC7w4SUTxvBu19bWCqt7Q-9A,em r·∫•t th√≠ch v√† y√™u qu√Ω ch·ªã,0
0yHtYPeK2Jg,2023-03-17 04:27:43,UC_p_kS3NqWPvJq0Ms3qhw2Q,chill,0
0yHtYPeK2Jg,2023-03-17 04:27:51,UCtblzOrKV1axEku7z3HJwKg,Nh√¨n ch·ªã xinh qu√©eeee,0
0yHtYPeK2Jg,2023-03-17 04:32:14,UCIP4hcLhugcg72-r5eEXufA,"üíñ b√†i h√°t c·ªßa ch·ªã h√≤a minzy th·∫≠t l√† hay ch·ªã h√≤a minzy n√∫c l√†o ch·ªã c≈©ng ƒë·ªânh ,b√†i h√°t c·ªßa ch·ªã ƒë∆∞·ª£c ƒëi·ªÉm 10üéâ‚ù§üòÇüòäüòÆ√∑",0
0yHtYPeK2Jg,2023-03-17 04:37:37,UCjZFtKOzBRIMwf8sCTjgHmA,xem video n√†y l·∫°i nh·ªõ v·ªü di·ªÖn th·ªã m·∫ßu c·ªßa ƒê·ª©c Vƒ©nh ..  qu√° gi·ªèi  2ng con qu√™ h∆∞∆°ng  Qu·∫ø V√µ B·∫Øc Ninh,0
0yHtYPeK2Jg,2023-03-17 04:39:53,UCmomnxu5iqJZvIMoc8iDX8Q,Xu·∫•t s·∫Øc lu√¥n Ho√† ∆°iiiii ‚ô•,0
0yHtYPeK2Jg,2023-03-17 04:53:24,UC06l1qJwwCh5I-pPx2zLy5w,Nghe 1 l·∫ßn nghi·ªán c·∫£ ƒë·ªùi lun √° ch·ªã H√≤a ∆°iüòò,0
0yHtYPeK2Jg,2023-03-17 04:54:37,UCehcq6rvunDK3u1wApkKpAg,Th·ªã m·∫ßu l√† h√¨nh ·∫£nh ƒëc mi√™u t·∫£ ntn trong vƒÉn h·ªçc ·∫°???? T√¥i th·∫≠t k hi·ªÉu n·ªïi. L√†m cho c√°c ch√°u b√© vd nh∆∞ con t√¥i nghe h√¢m m·ªô ho√† v√† nghe su·ªët ng√†y. Li·ªáu c√≥ ·∫£nh h∆∞·ªüng t·ªõi c√°c ch√°u ko???,0
0yHtYPeK2Jg,2023-03-17 05:09:30,UCalvVxd5y9ij44BTvBoXFvQ,Hay qu√° ch·ªã ∆°i ‚ù§Ô∏è‚ù§Ô∏è‚ù§Ô∏è,0
0yHtYPeK2Jg,2023-03-17 05:31:14,UCOnLeoodRNMoC7DF-Yqv34Q,ü•∞,0
0yHtYPeK2Jg,2023-03-17 05:36:54,UCqUhwV9rytPSFLowJaI1HbA,Hay qu√° ch·ªã ∆°i,0
0yHtYPeK2Jg,2023-03-17 05:52:21,UCy1Qieq5IdPyUqxkGeeXw4Q,Th·ªã m·∫ßu ch·ªØa oan n√® tr·ªùi gi·ªù m·ªõi bi·∫øt,0
0yHtYPeK2Jg,2023-03-17 06:05:15,UC_EwY2NCXb7yAAgeAlOl6Ow,ƒë·ªânh,0
0yHtYPeK2Jg,2023-03-17 06:25:02,UCcKmHIFRcG7JhaoBGVK6zeA,ƒêo·∫°n 0:49 hay,0
0yHtYPeK2Jg,2023-03-17 06:51:11,UCuai_PQRv4e7pUZn8X7sSDA,Tuy·ªát v·ªùi qu√° ƒëi,0
0yHtYPeK2Jg,2023-03-17 06:55:31,UCbARHPbEDpxGMtm2GSGj46g,„Åì„ÅÜ„ÅÑ„ÅÜ„É´„Éº„ÇØ„Éà„Ç•„É≥Á≥ª„Ç¢„Ç§„Éâ„É´Â•Ω„ÅçÔºÅ,0
0yHtYPeK2Jg,2023-03-17 07:01:18,UC60GKJ5IYVzS0Vb3Z3MS9ug,1:40 giai ƒëi·ªáu Tu√Ω √Çm :v,0
0yHtYPeK2Jg,2023-03-17 07:01:18,UCCpQJ2QrVIe-ghsvjhQ4Hug,hay qu√°,0
0yHtYPeK2Jg,2023-03-17 07:31:41,UCYYJNKhUb7uxN0GfZcYFJlg,nghe th√™m ƒëi mn ∆°i üòçüòçüòçüòçüòçüòç,0
0yHtYPeK2Jg,2023-03-17 07:34:24,UCd7LxoNGwkSwre_QxOfC7cg,ch√∫c m·ª´ng ho√† . y√™u th∆∞∆°ng,0
0yHtYPeK2Jg,2023-03-17 07:45:44,UC1NAM1Ih6mqyHFGmeGl1w6g,C√¥ H√≤a c√≥ ƒëi·ªáu c∆∞·ªùi ƒë·∫∑c s·∫Øc ph·∫øt kkkk,0
0yHtYPeK2Jg,2023-03-17 07:55:09,UCDFYsC2uV36OcuC2fE6UWQg,Hay qu√° ch·ªã h·ªì min zoa √™iiii,0
0yHtYPeK2Jg,2023-03-17 08:03:18,UCfYLRH3PVIgXy6cP4m6uz0w,Qu√° hay v√† tuy·ªát v·ªùi,0
0yHtYPeK2Jg,2023-03-17 08:05:29,UCiZW9q_PPYnLO3kJYKAv92w,"#H√≤aminzi, mong c√≥ 1 MV to√†n v·ªÅ ·∫©m th·ª±c VN ƒë·∫∑c s·∫Øc ƒë·ªÉ cho c·∫£ th·∫ø gi·ªõi bi·∫øt m√≥n ngon b·ªï r·∫ª c·ªßa VN, gi√° r·∫ª nh∆∞ng ngang t·∫ßm c√°c m√≥n c·ªßa nh√† h√†ng 5 sao th·∫ø gi·ªõi",0
0yHtYPeK2Jg,2023-03-17 08:26:08,UCkBdpsZ4DmDlA4F66RQ5HgQ,Hay‚ù§‚ù§‚ù§‚ù§‚ù§üéâüéâüéâüéâüòÇ,0
0yHtYPeK2Jg,2023-03-17 08:40:18,UCRxHEQKL18D9KNY_hmvsccA,N√≥i c√°i g√¨,0
0yHtYPeK2Jg,2023-03-17 08:40:56,UC7vhGl8zAbxd70wca1c3yBA,ƒê√π m√° gi·∫≠t c·∫£ m√¨nh üòÇ,0
0yHtYPeK2Jg,2023-03-17 08:56:06,UCgdvsBZyWVykicI4VTCRY1Q,Its very good,0
0yHtYPeK2Jg,2023-03-17 09:23:52,UCazir4sPze_zItEqAw5wBBQ,11tr,0
0yHtYPeK2Jg,2023-03-17 09:29:53,UCIteZoVlAyGKbRqPV-QLThA,B√≥ng d√°ng c·ªßa Ho√†ng Th√πy Linh qu√° l·ªõn.,0
0yHtYPeK2Jg,2023-03-17 09:48:55,UCFMUC1TrawmSKaLb7IV6RDQ,Hay ‚ù§‚ù§‚ù§‚ù§,0
0yHtYPeK2Jg,2023-03-17 09:56:12,UCCcKmeX3ahBphv79ZnR2LjQ,Nghe ƒëi nghe l·∫°i m·∫•y ch·ª•c l·∫ßn r‚ù§,0
0yHtYPeK2Jg,2023-03-17 10:55:00,UCYA2a47YveHSMeExOfWxknw,ƒê·∫πp qu√° ‚ù§‚ù§ h√°t c≈©ng hayyyy‚ù§‚ù§‚ù§,0
0yHtYPeK2Jg,2023-03-17 10:59:38,UCj-9yde72THkviMxWsB5FUw,Qu√° hay tui ƒë√£ tua ƒëi tua l·∫°i nghe c·∫£ ch·ª•c l·∫ßn m√† ch·∫£ th·∫•y ch√°nüòöüòöüòö,0
0yHtYPeK2Jg,2023-03-17 11:01:19,UCQnK7BYi5Nw4IABVMqMYn0A,"M·ªçi ng∆∞·ªùi c√≥ th·ªÉ v√†o like h·ªô m√¨nh v√†i video ƒë∆∞·ª£c ko ·∫°, m√¨nh c·∫£m ∆°n",0
0yHtYPeK2Jg,2023-03-17 11:08:09,UCtlsezwJB6Febgee5nXiw6A,B√ÄI  N√ÄY QU√Å TUY·ªÜT LU√îN !,0
0yHtYPeK2Jg,2023-03-17 11:18:46,UCry7ukiZskF8OhzhwNwHdGw,N√≥ n·∫°i n√† n√©t nu√¥nüòÇ,0
0yHtYPeK2Jg,2023-03-17 11:39:41,UChxS1LmiPVtGunXya95NF5w,Hay qu√° Nghe gi·ªçng c∆∞·ªùi ƒë√£ gh√™üòÄüòÄüòÄüòÄ,0
0yHtYPeK2Jg,2023-03-17 11:45:17,UCLnXBsg0WI5QSHd1atJhJgA,Hay qu√°,0
0yHtYPeK2Jg,2023-03-17 11:51:38,UCohR4OHp4wVANVjbFP8snZw,"*B√°nh kh√∫c ƒë√¢y, x√¥i l·∫°c b√°nh kh√∫c ƒë√¢y* üòÇ n√≥ l√† spotlight",0
0yHtYPeK2Jg,2023-03-17 11:57:48,UCRE4HxaOHdbEnwJkj3vXsuA,"T·ª± x∆∞ng em l√† Th·ªã M·∫ßu  √ç l√† con g√°i ph√∫ √¥ng  Tu·ªïi em ch·ª© c√≤n b√© l·∫Øm  C≈©ng ch∆∞a ƒë·∫øn trƒÉng r·∫±m  ·ªö n√†y ch·ªã em ∆°i  Nay t∆∞ mai ƒë√£ m∆∞·ªùi lƒÉm  Ai mu·ªën ƒëi ƒÉn o·∫£n  Th√¨ l√™n ch√πa v·ªõi em   √Å a i √† √¨ a, √° i a √¨ a  Em l√™n ch√πa t·ª´ m∆∞·ªùi ba  √Å a i √† √¨ a, √° i a √¨ a  Em l√™n ch√πa ng√†y m∆∞·ªùi lƒÉm   N√†y th·∫ßy ti·ªÉu ∆°i  Em l√† Th·ªã M·∫ßu  Em kh√¥ng bi·∫øt ƒë√¢u  Em c·ª© b·∫Øt ƒë·ªÅn  G·ªçi m·∫π th∆∞a cha  ƒÇn v·∫° c·∫£ l√†ng  Cho em l·∫•y ch√†ng  T√¨nh tang tang t√¨nh t√¨nh tang   T·ª± x∆∞ng em l√† Th·ªã M·∫ßu  √ç l√† con g√°i ph√∫ √¥ng  Tu·ªïi em ch·ª© c√≤n b√© l·∫Øm  C≈©ng ch∆∞a ƒë·∫øn trƒÉng r·∫±m  ·ªö n√†y ch·ªã em ∆°i  Nay t∆∞ mai ƒë√£ m∆∞·ªùi lƒÉm  Ai mu·ªën ƒëi ƒÉn o·∫£n  Th√¨ l√™n ch√πa v·ªõi em   √Å a i √† √¨ a, √° i a √¨ a  Em l√™n ch√πa t·ª´ m∆∞·ªùi ba  √Å a i √† √¨ a, √° i a √¨ a  Em l√™n ch√πa ng√†y m∆∞·ªùi lƒÉm   N√†y th·∫ßy ti·ªÉu ∆°i  Em l√† Th·ªã M·∫ßu  Em kh√¥ng bi·∫øt ƒë√¢u  Em c·ª© b·∫Øt ƒë·ªÅn  G·ªçi m·∫π th∆∞a cha  ƒÇn v·∫° c·∫£ l√†ng  Cho em l·∫•y ch√†ng  T√¨nh tang tang t√¨nh t√¨nh tang  T√¨nh tang tang t√¨nh t√¨nh tang  T√¨nh tang tang t√¨nh t√¨nh tang  Tang t√¨nh tang t√≠nh t√≠nh tang  T√¨nh tang tang t√¨nh tang t√≠nh  B·ªõ l√†ng n∆∞·ªõc ∆°i  B·ªõ l√†ng n∆∞·ªõc ∆°i   N√†y th·∫ßy ti·ªÉu ∆°i  Em l√† Th·ªã M·∫ßu  Em kh√¥ng bi·∫øt ƒë√¢u  Em c·ª© b·∫Øt ƒë·ªÅn  G·ªçi m·∫π th∆∞a cha  ƒÇn v·∫° c·∫£ l√†ng  Cho em l·∫•y ch√†ng  T√¨nh tang tang t√¨nh t√¨nh tang",0
0yHtYPeK2Jg,2023-03-17 12:03:45,UC5iB80tvOgNVR1PMsC_UXnA,hay,0
0yHtYPeK2Jg,2023-03-17 12:05:09,UCzmuewCXz12FP7kP8SLlV2g,hay,0
0yHtYPeK2Jg,2023-03-17 12:07:24,UCMze07-jtxRBYS7oUJ9lr0w,‚ù§‚ù§‚ù§‚ù§‚ù§,0
0yHtYPeK2Jg,2023-03-17 12:20:09,UCBtcJKXy5CaFI_AlIohZv_w,Hay qu√°. Ch√∫c Ch·ªã l√™n top 1.,0
0yHtYPeK2Jg,2023-03-17 12:23:27,UCeS2LO5k7m3zEqBFCxR_mzQ,Ngay nao nao cung nghe chu ko chiu noi [‚Ä¢.‚Ä¢‡∏¥] üòöüòçüòçüòùüòùüòùüòè‚úÖ‚úÖ‚úÖ‚úÖüòöüòöüòö,0
0yHtYPeK2Jg,2023-03-17 12:39:20,UCtutNEf63Wk1opWTnkQpFog,ü•∞ü•∞ü•∞ü•∞ü•∞üòçüòçüòçüòçüòçüòçüòçüòç,0
0yHtYPeK2Jg,2023-03-17 12:51:03,UCL3DB-5SA91PZa1SZjh1BOw,Th·ªã M·∫≠u h√°t hay gh√™.,0
0yHtYPeK2Jg,2023-03-17 12:56:25,UCDBFHjY5XatI4QGyqkkKaaw,Ch√∫c  m·ª´ng  m·∫π  bo nha.‚ù§,0
0yHtYPeK2Jg,2023-03-17 13:05:52,UCHYwdizbxXM72p9432muitQ,hay,0
0yHtYPeK2Jg,2023-03-17 13:09:46,UCd60yQe4ntkxY1KYYQdgDLw,H√£y qu√° ‚ù§‚ù§‚ù§,0
0yHtYPeK2Jg,2023-03-17 13:14:41,UCJcXTuMVn-NZxMBUWRfHU-A,R·∫•t hay,0
0yHtYPeK2Jg,2023-03-17 13:16:55,UCLGbU9qRi7bt85mrTWs7GPg,Hayy qu√° ch·ªã ho√† oiiüòôü•∞,0
0yHtYPeK2Jg,2023-03-17 13:20:04,UCstjXJT2F0ovR7JH3bQSADw,üòäüòäüòäüòäüòäüòäüòäüòäüòäüòäüòäüòä,0
0yHtYPeK2Jg,2023-03-17 13:28:14,UCJ2LoZhSMep6ktzoOo1J1Kg,R·∫£nh qu√° th√¨ Ni·ªám 1 c√¢u Ph·∫≠t hi·ªáu ƒë·ª° th·ªã phi ƒëi.ƒê√¢u ƒë·∫øn n·ªói nh∆∞ v·∫≠y ƒë√¢u,0
0yHtYPeK2Jg,2023-03-17 13:31:56,UC5dkfjLtYLEP2H3-bHObvdQ,"‚ú®üå†‚úàüíÆ‚úàüéãüíÆ‚úàüíÆüëôüíôüíôüåôüëô       *Thi√™n Ch√∫a ch·ª©ng t·ªè t√¨nh y√™u c·ªßa Ng√†i ƒë·ªëi v·ªõi ch√∫ng t√¥i b·∫±ng c√°ch g·ª≠i Con c·ªßa Ng√†i Ch√∫a Gi√™su Kit√¥, ƒê·∫•ng ƒë√£ ch·∫øt v√† s·ªëng l·∫°i t·ª´ c√µi ch·∫øt ƒë·ªÉ cho ch√∫ng ta s·ª± s·ªëng ƒë·ªùi ƒë·ªùi.* *√îng c≈©ng h·ª©a s·∫Ω ch·ªØa l√†nh c∆° th·ªÉ c·ªßa b·∫°n.*  *N·∫øu b·∫°n x∆∞ng nh·∫≠n b·∫±ng mi·ªáng c·ªßa m√¨nh v·ªÅ Ch√∫a J√™sus v√† tin trong l√≤ng r·∫±ng ƒê·ª©c Ch√∫a Tr·ªùi ƒë√£ khi·∫øn Ng√†i s·ªëng l·∫°i t·ª´ c√µi ch·∫øt* *Ng√†i s·∫Ω ban cho b·∫°n s·ª± s·ªëng ƒë·ªùi ƒë·ªùi*  ¬†*(nh√¨n l√™n v√† h·ªèi )*",0
0yHtYPeK2Jg,2023-03-17 13:35:47,UCk1eBRugtpzfeU-SNU26LJw,m,0
0yHtYPeK2Jg,2023-03-17 13:43:00,UCg_FUBHgFji0fbEIpfRVWvg,Hay qu√° ‚ù§ mong ch·ªù nhi·ªÅu s·ª± ƒë·ªôt ph√° m·ªõi h∆°n n·ªØa t·ª´ Ho√†,0
0yHtYPeK2Jg,2023-03-17 13:47:48,UCmvMqX8PJnWmU_KxdnmdTgw,Ch·ªã r·∫•t th√≠ch MV n√†y c·ªßa H√≤a Minzy. M·∫•y ng√†y nay ƒë·ªÅu m·ªü v√† nghe ho√†i kh√¥ng ch√°n! Hi·ªán ƒë·∫°i k·∫øt h·ª£p v·ªõi d√¢n gian qu√° ch·ªân chu v√† ƒë·∫πp ƒë·∫øn t·ª´ng centimet!,0
0yHtYPeK2Jg,2023-03-17 13:49:25,UC_mbnLAf33FpSaYPmPciS2Q,"ƒë·∫≠m m√†u d√¢n gian ,ch·ªù b·∫£n remix",0
0yHtYPeK2Jg,2023-03-17 13:50:21,UCIBV8SmggjEuyLl-yzdy4Cw,‚ù§‚ù§,0
0yHtYPeK2Jg,2023-03-17 13:54:26,UCTTTtse0-0s4NrSRqeXFQmg,Hay qu√°,0
0yHtYPeK2Jg,2023-03-17 14:00:01,UCiwx0-b3E5G_3lf3xM07Ozw,Mv q√° xu·∫•t s·∫Øc lu√¥n,0
0yHtYPeK2Jg,2023-03-17 14:04:09,UCXubSmw_mqaMaA58gUOz9Gw,Phong c√°ch ho√†ng th√πy linh,0
0yHtYPeK2Jg,2023-03-17 14:04:23,UCETZWy9HGzbTJoA6ug9aOjA,:)),0
0yHtYPeK2Jg,2023-03-17 14:11:59,UClBi4gVN2iVxELBqZGLa03A,Mv ƒë·∫ßu t∆∞ v,0
0yHtYPeK2Jg,2023-03-17 14:15:54,UC_R2krgCozBrFvnynYdUEqQ,H√£y qu√° ch·ªã Ho√† Minzy ∆°i!,0
0yHtYPeK2Jg,2023-03-17 14:32:45,UCukjUvMsQOzJpslHAVvy0qg,from FPT univercity with love,0
0yHtYPeK2Jg,2023-03-17 14:33:06,UCAp2HkmG8EBIt8uKhsXfg6Q,Hay qu√°,0
0yHtYPeK2Jg,2023-03-17 14:33:17,UCoMEsA527Hch3akaxafItBw,n·∫øu ƒë√£ c√≥ TH·ªã M√†u th√¨ cho xin th·ªã K√≠nh iküòÄüòÑ,0
0yHtYPeK2Jg,2023-03-17 14:36:40,UCAp2HkmG8EBIt8uKhsXfg6Q,"Ki·ªÉu nh∆∞ th·ªã m·∫ßu nh·∫≠p v√†o c√¥ g√°i n·ªç hay xuy√™n kh√¥ng g√¨ g√¨ ƒë√≥. N√≥ l·∫°,th√∫ v·ªã",0
0yHtYPeK2Jg,2023-03-17 14:38:45,UCUzbM_DSAPDv2jofUW5we-A,b√¢y gi·ªù l·∫°i thi nhau mu·ªën h·ªçc tr√†o l∆∞u c·ªßa ho√†ng th√πy linh.. l√†m th·ªã m√†u th·ªùi 4.0 ƒë·ªÉ ƒë∆∞·ª£c n·ªïi ti·∫øng ü§£ü§£,0
0yHtYPeK2Jg,2023-03-17 14:39:24,UCtqe2hjvwUFUHoH6MDq3W7g,Hay  üòä,0
0yHtYPeK2Jg,2023-03-17 14:44:31,UC9zCUPDMxKyoG3l232LLssA,V·∫´n r·∫•t hay nhaaa,0
0yHtYPeK2Jg,2023-03-17 14:53:47,UCOWL0UD-QPlffm6Fjb0tg2w,Y√™u y√™u s·∫£n ph·∫©m √¢m nh·∫°c c·ªßa ho√†‚ù§,0
0yHtYPeK2Jg,2023-03-17 14:55:01,UCPtn7nl2yzNgrgTSkWzxmUw,Hay qu√° b√† ∆°i! C·∫£m ∆°n b√† ƒë√£ cho t·ª•i tui b·ªØa ti·ªác √¢m nh·∫°c ho√†nh tr√°ng.,0
0yHtYPeK2Jg,2023-03-17 14:58:11,UCJHNMnsoq5IFha981_gUgcQ,Hay qu√° ƒë·∫•y ·∫°!,0
0yHtYPeK2Jg,2023-03-17 14:58:44,UCwwdO9YQ4dOPgFxnMHf9UKw,Xin ph√©p 2 c√¥ cho Uy V≈© ngh·ªâ·ªëm ·∫°.2,0
0yHtYPeK2Jg,2023-03-17 14:58:51,UCwwdO9YQ4dOPgFxnMHf9UKw,Xin ph√©p 2 c√¥ cho Uy V≈© ngh·ªâ ·ªëm ·∫°.,0
0yHtYPeK2Jg,2023-03-17 14:59:44,UCuS_PfIVR41GGhSE693GiMA,Nh·∫°c Masew ƒë√°nh m√£i ƒë·ªânh,0
0yHtYPeK2Jg,2023-03-17 15:11:44,UC6hYaxM9shm1QulEXNoxi3g,C√≥ b·∫ßu nh·∫£y r·ªõt con ra b√¢y gi·ªù ÔºàÔΩ°>‚Äø‚Äø<ÔΩ° Ôºâ,0
0yHtYPeK2Jg,2023-03-17 15:17:10,UCfOWE-n_CO3U6A5xkvJrrXQ,ü•∞,0
0yHtYPeK2Jg,2023-03-17 15:17:37,UCLMhklsDoM32rLuYcNOxCcQ,Mong Ho√† lu√¥n vui t∆∞∆°i nh∆∞ trong ch√≠nh mv n√†y v·∫≠y,0
0yHtYPeK2Jg,2023-03-17 15:22:42,UCTsFNsCy01Y97SsTOr1MMwQ,Xu·∫•t s·∫Øc!,0
0yHtYPeK2Jg,2023-03-17 15:28:17,UCNsmqqr2pvwhb3S-VRFMBwQ,Hay qu√° b√© ∆°i,0
0yHtYPeK2Jg,2023-03-17 15:32:01,UCtWXDuqkv4Ut-3a3tKEmyqA,xu·∫•t s·∫Øc lu√¥n,0
0yHtYPeK2Jg,2023-03-17 15:54:41,UCW5Ie2R9oRccWeJTS0Gg1wg,Ng kinh b·∫Øc h√°t b√†i n√†y ƒë√∫ng g·ªëc r·ªìi‚ù§,0
0yHtYPeK2Jg,2023-03-17 15:57:56,UCPU59H6jdjLA0DbenPGXZaA,üéâüéâüéâüéâ ch√∫c m·ª´ng c√¥ g√°i ngh·ªã l·ª±c,0
0yHtYPeK2Jg,2023-03-17 16:11:50,UC1__bLW8098QIwdaFjHBIKQ,Sao gi·ªù l·∫°i th√™m c√°i lo·∫°i nh·∫°c nh·∫£m nh√≠ m·∫•t n·∫øt n√†y n·ªØa,0
0yHtYPeK2Jg,2023-03-17 16:15:38,UCxB765kE96CoZcQ0heZnW0g,‚Ä¶,0
0yHtYPeK2Jg,2023-03-17 17:18:22,UChTY-ZxoHLQFSelaAAUz2tA,Th·∫ø t√≥m l·∫°i l√† l√™n ch√πa 13 hay 15 ;)),0
0yHtYPeK2Jg,2023-03-17 18:17:02,UChQYcEELuKHPLnUSmCnznaQ,Qua tuy·ªát v·ªùi,0
0yHtYPeK2Jg,2023-03-17 18:44:47,UCK-N6aspopfPuyKJeJysdDA,Ch√∫c m·ª´ng em.jiong h√°t trong v·∫πo...,0
0yHtYPeK2Jg,2023-03-17 19:26:52,UCDiKNf7H63tgZWBEV4P6G-w,qu√¢ hayyyyyyyüéâüéâüéâüéâüéâ,0
0yHtYPeK2Jg,2023-03-17 19:27:00,UCDiKNf7H63tgZWBEV4P6G-w,hay c·ª±c k√¨,0
0yHtYPeK2Jg,2023-03-17 20:01:45,UC6oCfi-wZ04RQB8RKzRjhSg,MV ƒë·∫πp qu√° tr·ªùi ·∫°,0
0yHtYPeK2Jg,2023-03-17 20:09:02,UC1a_581Bt9XTocWaMmRJa3Q,a,0
0yHtYPeK2Jg,2023-03-17 22:24:14,UCZy0cVF9Hl5CY094BQvTNdw,Ch·ªã ∆°i l√†m th√™m b·∫£n sub ti·∫øng Anh ƒëi ·∫°,0
0yHtYPeK2Jg,2023-03-17 22:28:50,UCbnSPx788sajPqIiVUDNdkA,Watch many many times,0
0yHtYPeK2Jg,2023-03-17 22:59:30,UCa1euf_YZUSU2p3BqywKj9A,Hay qu√°‚ù§üòä,0
0yHtYPeK2Jg,2023-03-17 23:20:06,UCJ2LoZhSMep6ktzoOo1J1Kg,C√≥ C√¥ t·ª± nh·∫≠n C√¥ l√† Th·ªã M·∫ßu √Å H√≤a Minzy,0
0yHtYPeK2Jg,2023-03-17 23:24:37,UCdp6OZYt55OySuvVYKXK_4w,Hay xu·∫•t s·∫Øc,0
0yHtYPeK2Jg,2023-03-17 23:27:24,UCiWqwdAfeFc-QcRy6tyTQkw,"Ho√† ∆°i, m·ªçi kh√≥ khƒÉn hay √°p l·ª±c c≈©ng s·∫Ω qua n√™n c·ªë g·∫Øng l√™n nh√© c√¥ g√°i‚ù§",0
0yHtYPeK2Jg,2023-03-17 23:38:09,UCaiudJT2iD4q2pQivts7-LQ,B√°nh cu·ªën th·ª±c s·ª± üòç,0
0yHtYPeK2Jg,2023-03-17 23:43:54,UCNuGPVJUqQUsdCW_Gy8VtsA,Hayyyyyyyyyyyy qu√°üòçüòçüòçüòçüòçüòçüòçüòç,0
0yHtYPeK2Jg,2023-03-17 23:56:31,UCSGc-E0ZXd7JJXrH6c3AzXg,B√†i n√†y hay qu√°.v·ª´a c√≥ hi·ªán ƒë·∫°i v·ª´a c√≥ n·ªÅn vƒÉn h√≥a d√¢n gian,0
0yHtYPeK2Jg,2023-03-17 23:59:20,UCyqmPwVJKoW06-1Nh4qHyYQ,Hayy qu√° c oii ‚ù§,0
4qNALNWoGmI,2023-03-17 00:27:23,UCWJK5okM-h1keae1VLH3zEg,Kh·∫£ nƒÉng viral th·∫ø gi·ªõi l√† c√≥,0
4qNALNWoGmI,2023-03-17 01:13:21,UCj47e3TxhEZSEqbA6ficGOg,yumee <3,0
4qNALNWoGmI,2023-03-17 01:59:26,UCIuK60eqdiH0PuHP1DqX7Cw,Giai ƒëi·ªáu c√≥ ƒëo·∫°n gi·ªëng v·ªõi b√†i d·ªÖ th∆∞∆°ng c·ªßa Kh·ªüi My,0
4qNALNWoGmI,2023-03-17 02:07:18,UCVjEw9cYA2FoA29n-vvZGVg,hay qu√°,0
4qNALNWoGmI,2023-03-17 02:13:35,UCSaRDU5yA6WKwXavvB1nS0A,"giai ƒëi·ªáu cute, ki·ªÉu g√¨ cx n·ªïi ·ªü nc ngo√†i cho xem",0
4qNALNWoGmI,2023-03-17 02:29:06,UCeF7DHf-iGq43pMJkv2M15g,Meo meo c√°i ton t·∫∑c,0
4qNALNWoGmI,2023-03-17 02:59:43,UCqt4zMywrD59CKmVdpj2Qpw,Ch·∫Øc ch·ªâ m√¨nh tui th·∫•y b√†i n nge ko c√≥ g√¨ ƒë·∫∑c s·∫Øc c·∫£,0
4qNALNWoGmI,2023-03-17 03:22:44,UCaeX7SyB7HfmYUhAlh6p-vQ,M√¨nh nghe ƒë∆∞·ª£c trong trung t√¢m th∆∞∆°ng m·∫°i qu√° hay,0
4qNALNWoGmI,2023-03-17 04:25:22,UCJIf1-Ud8g0efXj5h7Yi8Qw,D·ªü v√£i  Nghe ph√°t √≥i,0
4qNALNWoGmI,2023-03-17 04:46:27,UCdL4G6tFu3vej7tvHr38ZCA,"mv  ∆∞ng qu√° ch·ª´ng  <3 b·∫Øt ƒë·ªÅn ƒëi, tr·∫£ l·∫°i t√¢m tr√≠ ƒë√¢y",0
4qNALNWoGmI,2023-03-17 04:54:36,UCEy_v2YQAaBLd1tI3k51gBQ,To√†n mew l√† mew ƒë∆∞·ª£c qu√° Amee,0
4qNALNWoGmI,2023-03-17 05:00:19,UCyT3_HSQ3LUYzCMaNsBAdYw,MEO MEO AMEE ∆ØNG GH√ä,0
4qNALNWoGmI,2023-03-17 05:19:16,UCG1--DO5Jtt71N7GMrUiwKg,Kh√¥ng c√≥ vietsub √† üò¢,0
4qNALNWoGmI,2023-03-17 05:47:27,UCoRvUdmczycCyktkXFymN9g,b√†i nh·∫°c ·ªâa ch·∫£y :)))),0
4qNALNWoGmI,2023-03-17 06:22:26,UCYC0JSD8iT_HfhV4TOYj7IA,Cute,0
4qNALNWoGmI,2023-03-17 07:03:21,UCQ-rFvtWukRPo6IL2c4A8vw,t·∫Øt ƒë√®n ƒëi =))),0
4qNALNWoGmI,2023-03-17 07:32:55,UC9vdA32u6FtcWOipX8hkNyg,Kh·ªßng h√¨nh x·∫•u qu√° quay t·ª± nhi√™n hay h∆°n,0
4qNALNWoGmI,2023-03-17 07:54:59,UCAwIbztsZH8btJbZHjw-UmQ,baÃ£n nghi√™Ã£n ch∆∞a? t√¥i ƒëaÃÉ nghi√™Ã£n,0
4qNALNWoGmI,2023-03-17 08:17:52,UC6sWmeSLxvrSyIY5KQ7LjAQ,"H√°t C√πng Amee d·ªÖ th∆∞n n√†o    Sao h√¥m nay, l·∫°i c·ª© ng·∫©n ng∆° th·∫ø n√†y  Sao m√† b√¢y gi·ªù ƒë√¢y, v≈© tr·ª• em ch·ªâ th·∫•y anh th√¥i ƒë·∫•y  B·∫Øt ƒë·ªÅn ƒëi, tr·∫£ l·∫°i t√¢m tr√≠ ƒë√¢yy  Meow meow meow meow, tr·∫£ l·∫°i t√¢m tr√≠ t√¥i ƒë√¢y    C·ª© nh∆∞ m√®o con t·∫Øm n·∫Øng trong khu v∆∞·ªùn nh√†  R·∫•t trong l√†nh, c√≥ ong  L√≤ng em c√≥ anh  M·ªõi ch·ªâ ƒë∆∞·ª£c g·∫∑p anh m·ªói l√∫c ban chi·ªÅu l√† ∆∞ng  Qu√° ch·ª´ng l√≤ng em c·ª© t·ª©ng t∆∞ng t∆∞ng    (TONE UP)    C·ª© nh∆∞ m√®o con t·∫Øm n·∫Øng trong khu v∆∞·ªùn nh√†  R·∫•t trong l√†nh, c√≥ ong  L√≤ng em c√≥ anh  M·ªõi ch·ªâ ƒë∆∞·ª£c g·∫∑p anh m·ªói l√∫c ban chi·ªÅu l√† ∆∞ng  Qu√° ch·ª´ng l√≤ng em c·ª© t·ª©ng t∆∞ng t∆∞ng",0
4qNALNWoGmI,2023-03-17 08:51:33,UCpqyzTv8DE6BqlE0ZIoNI-A,th√†nh vi√™n m·ªõi c·ªßa new jean :)),0
4qNALNWoGmI,2023-03-17 10:02:53,UCKhWq0Btdxc40EufTDJsl4g,nh∆∞ l·ªìnnnn √° h√°t k nghe ra g√¨ lu√¥nnn,0
4qNALNWoGmI,2023-03-17 10:27:07,UCVuGuPBF49BRpL9tXstnZ0A,"c√≥ m√¨nh trong ƒë√≥ , y√™u qu√°",0
4qNALNWoGmI,2023-03-17 10:50:21,UCzy9WcGIyT1HsyYdnzaK3ZA,nh·∫°c clg v·∫≠y tr·ªùi... meow meow meow meow.. tr·∫£ l·∫°i t√¢m tr√≠ c√≥ ong c√≥ anh ???,0
4qNALNWoGmI,2023-03-17 10:51:19,UCNOr6oebiZyAXqsyNjk7nxg,^^,0
4qNALNWoGmI,2023-03-17 12:38:24,UCWIAhkOgWqKs9D7JWwFLLPQ,"ƒê·ª©a trong ph√≤ng c·ª© m·ªü m·∫∑c d√π kh√¥ng bi·∫øt b√†i g√¨? L√∫c ƒë·∫ßu t∆∞·ªüng r·∫±ng nh·∫°c kpop ai d√® ƒë√¢y l√† 1 b√†i c·ªßa amee. Aizz ta n√≥i n√≥ √°m ·∫£nh t·ªõi n√≥c ,, m·ªói l·∫ßn nghe meo meo moe l√† r·ª£n m·∫π c√°i da g√†",0
4qNALNWoGmI,2023-03-17 12:44:26,UC6okxzONK2J_Uy7CLTdJU8w,B√†i ni t√™n l√† n·ª©ng qu√° ch·ª´ng l√† h·ª£p l√Ω nh·∫•t kk,0
4qNALNWoGmI,2023-03-17 13:19:24,UCSYaBCAPyC69bnuJeVs-idg,K c√≥ vietsub ·∫°,0
4qNALNWoGmI,2023-03-17 13:28:43,UCZWGyK6wCLlFlpqWtnxYJ7w,B√†i h√°t n√†y cute qu√° nghi·ªán lun oy hi,0
4qNALNWoGmI,2023-03-17 13:32:26,UC5dkfjLtYLEP2H3-bHObvdQ,"‚ú®üå†‚úàüíÆ‚úàüéãüíÆ‚úàüíÆüëôüíôüíôüåôüëô       *Thi√™n Ch√∫a ch·ª©ng t·ªè t√¨nh y√™u c·ªßa Ng√†i ƒë·ªëi v·ªõi ch√∫ng t√¥i b·∫±ng c√°ch g·ª≠i Con c·ªßa Ng√†i Ch√∫a Gi√™su Kit√¥, ƒê·∫•ng ƒë√£ ch·∫øt v√† s·ªëng l·∫°i t·ª´ c√µi ch·∫øt ƒë·ªÉ cho ch√∫ng ta s·ª± s·ªëng ƒë·ªùi ƒë·ªùi.* *√îng c≈©ng h·ª©a s·∫Ω ch·ªØa l√†nh c∆° th·ªÉ c·ªßa b·∫°n.*  *N·∫øu b·∫°n x∆∞ng nh·∫≠n b·∫±ng mi·ªáng c·ªßa m√¨nh v·ªÅ Ch√∫a J√™sus v√† tin trong l√≤ng r·∫±ng ƒê·ª©c Ch√∫a Tr·ªùi ƒë√£ khi·∫øn Ng√†i s·ªëng l·∫°i t·ª´ c√µi ch·∫øt* *Ng√†i s·∫Ω ban cho b·∫°n s·ª± s·ªëng ƒë·ªùi ƒë·ªùi*  ¬†*(nh√¨n l√™n v√† h·ªèi )*",0
4qNALNWoGmI,2023-03-17 14:02:37,UCWT4K3TNM-3iip3WuBIsjRg,"ƒê√∫ng th·ªÉ lo·∫°i nh·∫°c th·ªã tr∆∞·ªùng b√¢y gi·ªù, nghe ch·∫≥ng hi·ªÉu √Ω nghƒ©a c√°i m√¥ t√™ g√¨ c·∫£.",0
4qNALNWoGmI,2023-03-17 14:33:54,UCMZTHYW9TphyyeVelTj9oVg,h√°t nh∆∞ cc m√† c√≥ b·ªçn nghe ƒë√∫ng b·ªçn thi·ªÉu nƒÉng,0
4qNALNWoGmI,2023-03-17 14:40:08,UCQZbgnn5gWIDzJnnmlmyd9w,Nghe dreamee gh√™ h√†,0
4qNALNWoGmI,2023-03-17 14:44:38,UCv0xUFSsYwO2KImmXNCfevw,b√†i giai ƒëi·ªáu nghe cute,0
4qNALNWoGmI,2023-03-17 14:44:56,UCtUWqkN6tINuJykJGXLRT7Q,Nh·∫°c nh∆∞ ƒë√†u b√πi,0
4qNALNWoGmI,2023-03-17 15:31:44,UCa2F1PyVBzLPlwk3JSpChfA,t√¥i th·∫•y m·ªôt phong c√°ch ƒÉn m·∫∑c trong video gi·ªëng Newjeans trong m/v OMG qu√°,0
4qNALNWoGmI,2023-03-17 15:38:31,UCBU7roCa9HTLD5mo-Ct59Og,hay qu√©,0
4qNALNWoGmI,2023-03-17 15:56:20,UCCpVlT5kNPgW8F3SMMdCoAw,Xem video m√† to√†n ƒë·ªÉ √Ω B√πi Quang Lan th√¥i üòÇ,0
4qNALNWoGmI,2023-03-17 16:40:54,UC55FFS1M-KSvOg9RM5ROGeQ,Sao m√† g√¢y ghi·ªán gh√™ √° ch·ªùi,0
4qNALNWoGmI,2023-03-17 16:49:52,UCMIY7F42XkGHys6cWHJfXlQ,B√†i d·ªÖ th∆∞∆°ng v·∫≠y üòÇ,0
4qNALNWoGmI,2023-03-17 17:20:21,UCMJSd1mqw7BGXfGpDkQ2uig,T con trai nghe b√†i n√†y + m·∫•y clip c·ªßa cover dance nh√¨n dth h·∫øt s·ª©c üòÇ,0
4qNALNWoGmI,2023-03-17 18:42:11,UCtGPh3C29FdsrspgnAqZrvQ,Ui m√° ∆°i ü§≠ tui ƒë∆∞·ª£c l√™n MV c·ªßa Amee???,0
DC842pmeamA,2023-03-17 17:01:56,UCeGjwWIiWiwhiNhrNp11oVw,"nh·∫π nh√†ng, hay",0
DC842pmeamA,2023-03-17 17:37:22,UC9QgjtWJSwyQdgOtyI4fGNQ,∆∞·ªõc ra kara,0
DC842pmeamA,2023-03-17 19:12:50,UC_2xOulfOUHbBR-sty6psZQ,hay v·∫≠y tr·ªùi Qu√¢n ∆°i,0
DC842pmeamA,2023-03-17 19:39:11,UCvUMPDDZDJ13-cK2Z_7HRjw,l·∫ßn ƒë·∫ßu nh√¨n t√™n b√†i c·ª© ng·ª° l√† Jack,0
fyMgBQioTLo,2023-03-17 01:19:21,UCaSGS3xZAqcCB-78g6S50FA,Hay qu√°‚ù§,0
fyMgBQioTLo,2023-03-17 02:19:44,UC_pa5_1wfS6xWJhDvtTczxA,B√†i n√†y cu·ªën qu√° iküòä,0
fyMgBQioTLo,2023-03-17 03:18:11,UC0WG528Wfjios9xdnkY74dQ,Ch·ªët h·∫° ‚Äú hay t·ª´ a>x‚Äù,0
fyMgBQioTLo,2023-03-17 03:38:13,UCsA1Hrnb2cl7Y_OwEuKzsew,1%,0
fyMgBQioTLo,2023-03-17 03:51:03,UC_pks9xz4-8T7Jp3OCS1nJQ,"√≠t nh·∫•t l√† m·ªôt l·∫ßn ai nghe xong b√†i n√†y ƒë·ªÅu th·∫•y b√≥ng d√°ng c·ªßa m√¨nh trong n√†y, b√≥ng d√°ng c·ªßa k·∫ª ƒë·∫∑t k√¨ v·ªçng qu√° nhi·ªÅu v√†o m·ªôt th·ª© g√¨ ƒë√≥ r·ªìi b·ªã v·ª•t m·∫•t, ƒë√°nh m·∫•t n√≥ trong ph√∫t ch·ªëc. l√≤ng b·ªóng ch·ªëc √¢n h·∫≠n, m·∫•t m√°t v√† r·ªìi kh√≥c l√≥c. th√™m ph·∫ßn lyric l√† minh ch·ª©ng r√µ r√†ng nh·∫•t, t·ª´ng c√¢u h√°t ƒë·ªÅu l√† t·ª´ng th∆∞·ªõc phim t√°i hi·ªán l·∫°i c·∫£m x√∫c l√∫c m√† ta th·∫•y ƒëau kh·ªï nh·∫•t.. c·∫£m ∆°n ch·ªã tlinh v√¨ m·ªôt s·∫£n ph·∫©m √¢m nh·∫°c qu√° ch·∫•t l∆∞·ª£ng n√†y<3",0
fyMgBQioTLo,2023-03-17 04:12:32,UCXyqBJ_UDeawQHFWTomkmOw,Nghe 1 l·∫ßn l√† d√≠nh r√≤i:3üíó,0
fyMgBQioTLo,2023-03-17 04:24:08,UC0VkFIBAbTxyRE0aU_c37LQ,u·∫ßy u·∫ßy :)),0
fyMgBQioTLo,2023-03-17 05:33:00,UCBBndlHZDunKNAM3i7bbX4A,"replay r·∫•t r·∫•t nhi·ªÅu, ngo√†i ra kh√¥ng c√≤n g√¨ ƒë·ªÉ n√≥i ·∫° ü•≤",0
fyMgBQioTLo,2023-03-17 06:55:35,UC0RQvMmctP8uzXz4hSnYiSg,"nghe tlinh h√°t nh∆∞ 1 d·∫£i l·ª•a cu·ªën quanh c√°i beat, nghe r·∫•t d√≠nh",0
fyMgBQioTLo,2023-03-17 08:06:18,UCLN1HCCblOIMD5Q1l2_EonA,1:54 siuuuuuuuuuuuuuuuuuuuu,0
fyMgBQioTLo,2023-03-17 09:34:51,UCqIre3Wpzc1FRsWhf7WgpIg,Hay gh√™ √†,0
fyMgBQioTLo,2023-03-17 09:34:57,UCqIre3Wpzc1FRsWhf7WgpIg,Nghe ho√†i,0
fyMgBQioTLo,2023-03-17 09:35:02,UCqIre3Wpzc1FRsWhf7WgpIg,Ng·∫•m qu√°,0
fyMgBQioTLo,2023-03-17 10:07:10,UCiaXcVpzHLgD65p2RUsi2Eg,10 ƒëi·ªÉm @@,0
fyMgBQioTLo,2023-03-17 10:40:52,UCWkYRdPVnq8sjkoUdIUr1Mg,Mn nghe hay s t th·∫•y d·ªü th·∫ø nh·ªâ,0
fyMgBQioTLo,2023-03-17 10:43:35,UC50EGFuJKk5UZuCnGpu-EtQ,B√†i h√°t th·ª±c s·ª± hay √°,0
fyMgBQioTLo,2023-03-17 10:45:23,UCS2q62BVP_CEcA74QxyeTSA,Omg....it's not just a song anymore... it's really amazing üôèüôèüôè,0
fyMgBQioTLo,2023-03-17 10:50:48,UCcINgQi6sSi-DoyDGvIfudA,haiz bi·∫øt l√† ko th·ªÉ nh∆∞ng m√† mu·ªën k·∫øt h·ª£p v·ªõi ch·ªã tlinh 1 b√†i ngh√™..üòÇüòÇüòÇ,0
fyMgBQioTLo,2023-03-17 10:54:10,UCyU5M6LVnCceFARdzopSamw,lung qua tlinh oi xuat tinh oach xa lach,0
fyMgBQioTLo,2023-03-17 10:58:38,UCEE985BSxLY8fDCdMVtq5mw,"Theo m√¨nh th√≠ Tlinh ƒë√£ l√†m r·∫•t t·ªët trong mv, theo phong c√°ch usuk n√™n k ph√π h·ª£p v·ªõi v√†i ng, nh·ªØng s·∫£n ph·∫©m √¢m nh·∫°c c·ªßa Tlinh k theo phong c√°ch m·ªôt n·ªØ rapper ph·∫£i ng·∫ßu, c√¢u t·ª´ vƒÉng t·ª•c v√† h·∫° th·∫•p ng∆∞·ªùi kh√°c m√† l·∫°i nh·∫π nh√†ng, ƒë·∫ßy c·∫£m x√∫c",0
fyMgBQioTLo,2023-03-17 10:58:42,UCsK8_nfxRgE6MpfCo22EpGw,"C·∫£m ∆°n Linh, b√†i h√°t c·ªßa Tlinh ƒë√£ th·ª±c s·ª± ƒë√°nh tr√∫ng v√†o nh·ªØng g√¨ c·∫£m nh·∫≠n v√† tr·∫£i qua, t·ª´ng d·∫±n v·∫∑t sau chia tay, kh√≥c l√≥c v√† h·ªëi h·∫≠n, nh∆∞ng h√£y m·∫°nh m·∫Ω l√™n nh√©üéâ Ch√∫ng ta l√† nh·ªØng ƒë·ª©a tr·∫ª ph·∫£i g·ªìng m√¨nh th√†nh ng∆∞·ªùi l·ªõn khi y√™u",0
fyMgBQioTLo,2023-03-17 11:11:53,UCtEXq0NLlQWIWhdlWr5J_LA,"Ch·∫øt m·∫•t th√¥i,hay qu√° linh ∆°iiiii",0
fyMgBQioTLo,2023-03-17 11:48:02,UCumZwhIcAeYzAGhZdhxCNRg,kh√¥ng hi·ªÉu mv v·ªõi l·ªùi vi·∫øt gi n≈©a,0
fyMgBQioTLo,2023-03-17 13:31:51,UCKLcTiyZyK0xu-cl9gvQO8Q,‚ù§Ô∏è‚ù§Ô∏è,0
fyMgBQioTLo,2023-03-17 13:32:11,UC5dkfjLtYLEP2H3-bHObvdQ,"‚ú®üå†‚úàüíÆ‚úàüéãüíÆ‚úàüíÆüëôüíôüíôüåôüëô       *Thi√™n Ch√∫a ch·ª©ng t·ªè t√¨nh y√™u c·ªßa Ng√†i ƒë·ªëi v·ªõi ch√∫ng t√¥i b·∫±ng c√°ch g·ª≠i Con c·ªßa Ng√†i Ch√∫a Gi√™su Kit√¥, ƒê·∫•ng ƒë√£ ch·∫øt v√† s·ªëng l·∫°i t·ª´ c√µi ch·∫øt ƒë·ªÉ cho ch√∫ng ta s·ª± s·ªëng ƒë·ªùi ƒë·ªùi.* *√îng c≈©ng h·ª©a s·∫Ω ch·ªØa l√†nh c∆° th·ªÉ c·ªßa b·∫°n.*  *N·∫øu b·∫°n x∆∞ng nh·∫≠n b·∫±ng mi·ªáng c·ªßa m√¨nh v·ªÅ Ch√∫a J√™sus v√† tin trong l√≤ng r·∫±ng ƒê·ª©c Ch√∫a Tr·ªùi ƒë√£ khi·∫øn Ng√†i s·ªëng l·∫°i t·ª´ c√µi ch·∫øt* *Ng√†i s·∫Ω ban cho b·∫°n s·ª± s·ªëng ƒë·ªùi ƒë·ªùi*  ¬†*(nh√¨n l√™n v√† h·ªèi )*",0
fyMgBQioTLo,2023-03-17 14:01:54,UCrC2XLmczfCpykrrustumjw,c·∫£m x√∫c th·∫≠t s·ª± üòø,0
fyMgBQioTLo,2023-03-17 14:12:51,UC_xBjfQmemimYiSquUrZJLw,hhh,0
fyMgBQioTLo,2023-03-17 14:20:01,UCazir4sPze_zItEqAw5wBBQ,9tr,0
fyMgBQioTLo,2023-03-17 14:31:38,UC-Jb79-Fn68Cg-R6Paj3hiA,....,0
fyMgBQioTLo,2023-03-17 14:36:56,UCxNIplxZwhZtkoIx9RABSuw,m√£i ch√°y!,0
fyMgBQioTLo,2023-03-17 15:41:21,UCPbtU9EAB-YLKokLFHAwD7A,l·ª° m√™ b√†i n√†y m·∫•t roi...üê∏‚ù§Ô∏è,0
fyMgBQioTLo,2023-03-17 16:26:22,UCNGfvb3A33Z4GEUgW2CBsBw,ƒê·ª£i mck ra b√†i ƒë·ªëi l·∫°i üòä,0
fyMgBQioTLo,2023-03-17 17:29:35,UCDfzMMpvrq2QgT4wfaFUUwQ,hay,0
fyMgBQioTLo,2023-03-17 17:41:41,UC2m6En3jW1DlfI1DlgO9MHQ,qu√° xu·∫•t s·∫Øc c ∆°i,0
fyMgBQioTLo,2023-03-17 17:49:42,UCkAhFtD2ImyzMX5H2k2Zt0g,C√≥ l·∫Ω...,0
fyMgBQioTLo,2023-03-17 17:50:19,UC9fgjY7Phc9Q50zjbEf33AQ,Top 1 qu√° x·ª©ng ƒë√°ng. ü´∂üèªü´∂üèªü´∂üèª,0
fyMgBQioTLo,2023-03-17 18:07:13,UCyNxvfFT_UcG3eVQXId9V3w,l√†m b·∫£n ti·∫øng anh k√©o fan qu·ªëc t·∫ø ƒëi linh ∆°iii,0
fyMgBQioTLo,2023-03-17 21:23:10,UCj9o3kyM2YYxxtNQ5BeRqng,n√™n bu√¥ng l√† c√°ch t·ªët nh·∫•t,0
fyMgBQioTLo,2023-03-17 22:56:57,UC0eVGjv9lSv1MGkbRBjnl6w,O9MGGG,0
fyMgBQioTLo,2023-03-17 23:38:15,UCaiudJT2iD4q2pQivts7-LQ,B√°nh cu·ªën th·ª±c s·ª± üòç,0
lB3SRFPYf98,2023-03-17 00:19:23,UC0-qV8WzWTevqqiKUl3xKzg,"th·ªùi gian tr√¥i qua nhanh nh·ªâ, c√≥ nh·ªØng l·ªùi m√¨nh c√≤n ch∆∞a k·ªãp n√≥i",0
lB3SRFPYf98,2023-03-17 00:48:41,UCUntCT8r7T4Q8rRfIcBZtlw,ch·∫Øc ai ƒë√≥ s·∫Ω c·∫ßn ‚ô•Ô∏è,0
lB3SRFPYf98,2023-03-17 00:59:56,UCrh6otYJZwUI-PzxHB9O9dA,V·ª´a nh·∫π nh√†ng v·ª´a ng·ªçt ng√†o ƒë√∫ng l√† m·ªôt b·∫£n nh·∫°c chill <3,0
lB3SRFPYf98,2023-03-17 01:24:40,UCKsjOTLCdeO3BsWEh6-ufHA,m√¨nh ƒë√£ replay b√†i n√†y c·∫£ 1 ng√†y t·∫°i v√¨ n√≥ gi·ªëng v·ªõi m√¨nh hi·ªán t·∫°i qu√°,0
lB3SRFPYf98,2023-03-17 02:12:52,UC-xOWK-OtEsjMmqRxNstQ1g,Ch√∫c m·ª´ng anh v√†o top √¢m nh·∫°c th·ªãnh h√†nh nha üéâ,0
lB3SRFPYf98,2023-03-17 02:57:08,UC3yrY3oUREFOzAQjzO6KwHw,V√†o nghe b√†i h√°t v√¨ t·ª±a b√†i h√°t. Ch·∫Øc nhi·ªÅu b·∫°n c≈©ng v.,0
lB3SRFPYf98,2023-03-17 03:03:39,UCnUaByxQnGW6Bjc6NwYBV_A,Sau n√†y c√¥ ·∫•y g·∫£ cho cu·ªôc s·ªëng C√≤n c·∫≠u ·∫•y th√¨ c∆∞·ªõi s·ª± nghi·ªáp.,0
lB3SRFPYf98,2023-03-17 03:45:35,UCWQUy_OsTeV6L7zSTi_7m8g,c√°m ∆°n anh ƒë√£ s√°ng t√°c b√†i n√†y h·ª£p v·ªõi t√¢m tr·∫°ng v·ªõi b√¢y gi·ªù c√¥ ·∫•y xa em r·ªìi....,0
lB3SRFPYf98,2023-03-17 04:22:39,UCtMA-IpVPoFIg1Psf5x1-fQ,"N·ªôi dung b√†i h√°t ch·∫°m t·ªõi t√¨nh c·∫£nh hi·ªán t·∫°i c·ªßa m·ªçi con trai, ch·ªâ v√¨ 2 ch·ªØ t∆∞∆°ng lai üíî",0
lB3SRFPYf98,2023-03-17 05:40:15,UChC6TqU2jTXU6KoC1bjsbOQ,Hay qu√° üò¢,0
lB3SRFPYf98,2023-03-17 05:51:55,UC3Z5VN_vbK1KYdGWjFfl_zQ,h·∫πn ƒëi extrim l·∫ßn th·ª© 2 v·ªõi em,0
lB3SRFPYf98,2023-03-17 05:59:03,UCMghcDuI4394DtQSNwgwrLQ,"T√¥i ƒë√£ ch·ªù ƒë·ª£i b√†i h√°t n√†y l√¢u l·∫Øm r. Gi·ªù ƒë√£ dc nghe tr·ªçn full b√†i, th√≠ch th·∫≠t ‚ò∫Ô∏è‚ò∫Ô∏è‚ò∫Ô∏è",0
lB3SRFPYf98,2023-03-17 06:11:19,UC1Q4Acew5_wZIASptoDRz2Q,"C·∫£m ∆°n b·∫°n th·∫≠t nhi·ªÅu , c·ª© m·ªói l·∫ßn nghe l√† m√¨nh ·ª©a nc m·∫Øt , nghe th∆∞∆°ng b·∫°n trai m√¨nh l·∫Øm. th·∫≠t s·ª± xin l·ªói v√¨ ƒë√£ kh hi·ªÅu chuy·ªán , ƒë√£ nghƒ© lung tung , c·∫£m ∆°n v√¨ ƒë√£ g·∫∑p anh . Lu√¥n nh∆∞·ªùng nh·ªãn v√† y√™u th∆∞∆°ng em üò¢",0
lB3SRFPYf98,2023-03-17 06:12:47,UCRKsDetBOTuuKGwpLez_clA,nghe ƒëi nghe l·∫°i h∆°n 30 l·∫ßn r·ªìi m√† v·∫´n kh√¥ng nghi·ªán,0
lB3SRFPYf98,2023-03-17 06:35:36,UCoUZzyXrzeIPYTOzdL8sDyA,Hay qu√°. Ch√∫c anh th√†nh c√¥ng h∆°n trong c√°c MV sau ‚ù§Ô∏è,0
lB3SRFPYf98,2023-03-17 06:46:47,UCHp-YABRPucTcjx1N-lTl0Q,2 b√†i  n√†o c≈©ng hay nghe cu·ªën c·ª±c k·ª≥ üíØ,0
lB3SRFPYf98,2023-03-17 06:52:00,UCOUtwXEHFqdkZn8oBIQYyEw,C·∫£m ∆°n m·ªôt b√†i h√°t r·∫•t hay.,0
lB3SRFPYf98,2023-03-17 07:01:12,UCzGXz0pqFtRR1sZb0SWS8Tw,wow so chill,0
lB3SRFPYf98,2023-03-17 07:07:59,UCgcI86DTzcSIQM5pUVK6RfA,B√†i h√°t g√¨ m√† t·ª´ng c√¢u t·ª´ng ch·ªØ n√≥ l·∫°i ƒëau ƒë·∫øn th·∫ø n√†y‚Ä¶,0
lB3SRFPYf98,2023-03-17 07:22:16,UCmawWOPkLo0s7JA7ahoPJ0w,C·∫£m ∆°n b·∫°n v√¨ b√†i h√°t ‚ù§,0
lB3SRFPYf98,2023-03-17 07:33:15,UCZGzgJVNZV5V0HdLDYQv3Lw,"ƒêo·∫°n 3:15 ·∫£o v·∫≠y, n∆∞·ªõc m·∫Øt ch·∫£y t·ª´ l·ªó tai ra √† :)))) Di·ªÖn vi√™n h∆°i nghi·ªáp d∆∞ nha Nguy√™n kk",0
lB3SRFPYf98,2023-03-17 08:35:23,UCjgFZ3R-4IF1Km867iG3rOQ,M√¨nh v·ª´a k·∫øt th√∫c v·ªõi ng∆∞·ªùi m√¨nh y√™u nh·∫•t‚Ä¶,0
lB3SRFPYf98,2023-03-17 08:47:21,UCyosJup4-q2HIydOvBVnrPw,Th·∫•m t·ª´ng ch·ª© b·∫°n ∆°i ‚ò∫,0
lB3SRFPYf98,2023-03-17 09:19:43,UC4BcJk6vQthGW2LsFM5DWGQ,.,0
lB3SRFPYf98,2023-03-17 09:53:32,UCvZmCYM09rWbdHftFD-HCTQ,<3,0
lB3SRFPYf98,2023-03-17 10:10:46,UC9uuNh1MWDVuYbF6J7vLGZw,"b√†i h√°t ch·∫°m t·ªõi ƒë√°y l√≤ng m√¨nh, m√¨nh y√™u nh·ªØng giai ƒëi·ªáu nh∆∞ n√†y tr·ªùi oii..",0
lB3SRFPYf98,2023-03-17 10:28:20,UCeXhqDNakTw0U9J3kFnU81A,Hazzz! Th·∫≠t l√† üòäüòäüòäüòä,0
lB3SRFPYf98,2023-03-17 10:36:02,UCCEf5zO5kvXkKNf2FWOzyqA,Aaaaaa t·ª•ytttt ‚ù§,0
lB3SRFPYf98,2023-03-17 10:53:55,UChoYT2eNxS1Sh0fic_NAlhg,Qu√° hay ‚ù§‚ù§,0
lB3SRFPYf98,2023-03-17 11:07:01,UCR56nAkQPNO4Y_D2KhH_-cA,.,0
lB3SRFPYf98,2023-03-17 11:45:51,UCcnaV1CnRuDVMaAoX-wU8xA,ra karaoke lu√¥n a ∆°i haha,0
lB3SRFPYf98,2023-03-17 12:33:16,UCW85LdH3x-PNLKRcl7SI6bQ,3:36 Cho em xin inf4 √Åo ƒëen m√† ·∫£nh ƒëang m·∫∑c ·∫°!,0
lB3SRFPYf98,2023-03-17 12:34:05,UCQmkww_w1gjTuLfyzjpXDyw,1 t·ª´ th√¥i ''HAY'',0
lB3SRFPYf98,2023-03-17 12:44:52,UCk8_9B734wj0kzWiY3L5Csg,l√∫c nghe b√†i Anh ƒë√£ t·ª´ b·ªè r·ªìi ƒë·∫•y v√† nghe debut b√†i H·∫πn em ·ªü l·∫ßn y√™u th·ª© 2 th√¨ l·∫°i ƒë√∫ng l√∫c em ƒëang c√≥ x√≠ch m√≠ch v·ªõi b·∫°n g√°i m√¨nh ^^ nh∆∞ng khi nghe xong th√¨ em ƒë√£ hi·ªÉu ra c·∫ßn ph·∫£i l√†m g√¨ ƒë·ªÉ c√¥ ·∫•y c√≥ th·ªÉ h·∫°nh ph√∫c d√π bi·∫øt tr∆∞·ªõc trong t∆∞∆°ng lai s·∫Ω ch·∫≥ng c√≥ nhau nh∆∞ng gi·ªù em c√≤n l√†m ƒë∆∞·ª£c g√¨ th√¨ s·∫Ω c·ªë g·∫Øng l√†m ƒë·ªÉ ƒë·∫øn ng√†y xa nhau c√¥ g√°i m√¨nh t·ª´ng th∆∞∆°ng s·∫Ω ƒë∆∞·ª£c y√™n t√¢m m√† r∆°i xa m√† kh√¥ng mang mu·ªôn phi·ªÅn v√¨ m√¨nh n·ªØa. C·∫£m ∆°n anh ƒë√£ s√°ng t√°c ra 2 b√†i h√°t n√†y <3,0
lB3SRFPYf98,2023-03-17 12:48:18,UC9uuNh1MWDVuYbF6J7vLGZw,H√ìNG NGUY√äN RA B·∫¢N KARAOKE ·∫†AAAAAA,0
lB3SRFPYf98,2023-03-17 12:50:44,UCiDhvhGXTzj-k_5NTF4NDGA,Th·∫≠t s·ª± hay √Ω,0
lB3SRFPYf98,2023-03-17 14:11:14,UC3mD5OjsEBrGl83p883Z6CQ,"Hay l·∫Øm ·∫° , üíì",0
lB3SRFPYf98,2023-03-17 14:31:11,UC9UaJQRYyaYvNoBADlNhjzw,‚ù§‚ù§‚ù§,0
lB3SRFPYf98,2023-03-17 14:35:16,UCH2OPg9Zu0x1NzLmN3FDvtw,Anh s·ª≠a l·ªói r·ªìi... Em cho a m·ªôt c∆° h·ªôi n·ªØa ƒë∆∞·ª£c ch·ª© üòû,0
lB3SRFPYf98,2023-03-17 15:04:14,UCJbN4LZ9IwAoAtdHHiApVvQ,C√†ng nghe c√†ng th·∫•y cu·ªën lu√¥n √Ω,0
lB3SRFPYf98,2023-03-17 15:25:24,UCEL-X58oNF6Z7zQUQgwLv5Q,‚ù§,0
lB3SRFPYf98,2023-03-17 16:17:56,UCwICPLyDfe8os2lmuEttN_w,hay qu√° ƒëi,0
lB3SRFPYf98,2023-03-17 16:19:00,UCyG2dpBL8rKX9DGs1ikWZHQ,Ch·∫Øc nay mai 500 qu√©:))),0
lB3SRFPYf98,2023-03-17 16:57:38,UCvan2jiRsMgI9prSOlVM-gA,"M·ªôt s·∫£n ph·∫©m tuy·ªát v·ªùi, ch·∫°m ƒë·∫øn tr√°i tim c·ªßa r·∫•t nhi·ªÅu ng∆∞·ªùi ‚ù§Ch√∫c cho s·∫£n ph·∫©m c·ªßa Nguyenn ƒë·∫°t ƒë∆∞·ª£c nhi·ªÅu th√†nh c√¥ng h∆°n n·ªØa nh√©.",0
lB3SRFPYf98,2023-03-17 17:02:03,UC5fyg5TzTDxUwp_3nRfFIlw,"4 h√¥m n·ªØa t√¥i s·∫Ω ƒëi thi, cu·ªôc thi quy·∫øt ƒë·ªãnh c·∫£ cu·ªôc ƒë·ªùi:))",0
lB3SRFPYf98,2023-03-17 17:02:23,UC3SYYCwmMynIvG5xEwZsK8w,"C≈©ng v√¨ s·ª± nghi·ªáp lo toang, t√¥i s·ª£ t√¥i l√†m kh·ªï c√¥ ·∫•y, t√¥i s·ª£ t√¥i kh√¥ng ƒë·ªß s·ª©c khi gi·ªØ ƒë·ªô tu·ªïi ch√¥ng ch√™nh vi·ªác h·ªçc v√† s·ª± nghi·ªáp m√† t√¥i l·∫°i r·ªùi xa em ngay l√∫c c·∫£ hai ƒë·∫πp nh·∫•t. Nh∆∞ng c√≥ l·∫Ω con tim t√¥i c·∫ßn c√¥ ·∫•y, cu·ªôc s·ªëng n√†y c·∫£m gi√°c thi·∫øu ƒëi ng∆∞·ªùi m√¨nh th∆∞∆°ng th·∫≠t s·ª± kh√≥ khƒÉn. Mong r·∫±ng anh s·∫Ω lo cho ƒë∆∞·ª£c em sau n√†y. Y√™u em HTThanhNi",0
lB3SRFPYf98,2023-03-17 17:06:06,UCsYsdy80L-0E8dZEAzCeACA,"S·∫Øp thi ƒë·∫°i hc m√† em b·ªã c√¥ ·∫•y chia tay v√† ko bt l√Ω do.  Em ko bi·∫øt l√†m sao n√≠u. Nhi·ªÅu ng∆∞·ªùi k√™u em qu√™n, ng∆∞·ªùi b·∫£o ki√™n nh·∫´n nh∆∞ng em ƒë√£ l√†m m·ªçi c√°ch. H√¥m nay em ƒë·ª£i ko cho c√¥ ·∫•y v·ªÅ nh√† m√† c√¥ ·∫•y ch·ªâ nhƒÉn nh√≥ k√™u em v·ªÅ ƒëi ƒêau qu√° ai ∆°i ( ‚óú‚Äø‚óù )‚ô° Em l√†m sao ƒë·ªÉ c√¥ ·∫•y ko r·ªùi xa em ko ·∫°",0
lB3SRFPYf98,2023-03-17 17:46:25,UCbfa2TGG5t7Ncpw3_MswbvQ,MV ƒë·∫πp qu√°. ƒê·∫°o di·ªÖn ch·∫Øc n·ªïi ti·∫øng l·∫Øm. Ch√∫c to√†n th·ªÉ ekip c√≥ 1 MV th√†nh c√¥ng,0
lB3SRFPYf98,2023-03-17 17:46:27,UCgwj3zcd3_C55K67fJaNpdg,v·ª´a l√†m ca ƒë√™m v·ª´a replay b√†i n√†y v·ª´a r∆∞ng r∆∞ng n∆∞·ªõc m·∫Øt...,0
lB3SRFPYf98,2023-03-17 19:44:35,UCrZPpD7eNoCjkJw3c63UsaQ,R·∫•t l√† h√¢n h·∫°nh ƒë∆∞·ª£c h·ª£p t√°c v·ªõi ekip üòâ Canh top trending cmt ƒë√≥ kkk,0
lB3SRFPYf98,2023-03-17 19:52:17,UC3HgnWjgcGcCJe2E1OAkimQ,1:34 ƒëo·∫°n n√†y thay b·∫±ng ƒëo·∫°n ah ƒë√£ t·ª´ b·ªè r ƒë·∫•y nghe s·∫Ω h·ª£p h∆°n,0
lB3SRFPYf98,2023-03-17 22:35:21,UCIDUOz4dA528cVJIrEBWI2Q,hay qu√°,0
lB3SRFPYf98,2023-03-17 23:19:15,UCTxDxpvxzf6UUkd79TSfLGQ,T√¥i ƒë√£ nghe b√†i n√†y r·∫•t nhi·ªÅu l·∫ßn  S·∫Ω kh√¥ng c√≥ g√¨ l√† ch·∫Øc ch·∫Øn c·∫£ ƒë√∫ng ko...,0
lB3SRFPYf98,2023-03-17 23:39:00,UCaiudJT2iD4q2pQivts7-LQ,B√°nh cu·ªën th·ª±c s·ª± üòç,0
